{"cameraMode":{"drawMode":0,"name":"Shaded","section":"Shading Mode"},"sceneLighting":false,"audioPlay":false,"sceneViewState":{"m_AlwaysRefresh":false,"showFog":true,"showSkybox":false,"showFlares":true,"showImageEffects":true,"showParticleSystems":true,"showVisualEffectGraphs":true,"m_FxEnabled":true},"in2DMode":false,"pivot":{"x":-2.6864867210388185,"y":1.5896732807159424,"z":-0.660830020904541},"rotation":{"x":-0.04212425649166107,"y":-0.437221497297287,"z":0.020389413461089135,"w":-0.8983314633369446},"size":0.07071061432361603,"orthographic":false}