{"cameraMode":{"drawMode":0,"name":"Shaded","section":"Shading Mode"},"sceneLighting":false,"audioPlay":false,"sceneViewState":{"m_AlwaysRefresh":false,"showFog":true,"showSkybox":false,"showFlares":true,"showImageEffects":true,"showParticleSystems":true,"showVisualEffectGraphs":true,"m_FxEnabled":true},"in2DMode":false,"pivot":{"x":-1.038613200187683,"y":2.264650344848633,"z":1.7844083309173585},"rotation":{"x":-0.16191937029361726,"y":-0.8334265947341919,"z":0.3211214542388916,"w":-0.42001792788505556},"size":0.054109249264001849,"orthographic":false}