{"cameraMode":{"drawMode":0,"name":"Shaded","section":"Shading Mode"},"sceneLighting":false,"audioPlay":false,"sceneViewState":{"m_AlwaysRefresh":false,"showFog":true,"showSkybox":false,"showFlares":true,"showImageEffects":true,"showParticleSystems":true,"showVisualEffectGraphs":true,"m_FxEnabled":true},"in2DMode":false,"pivot":{"x":0.36511433124542239,"y":1.3701063394546509,"z":1.687748908996582},"rotation":{"x":-0.11831186711788178,"y":0.70374596118927,"z":-0.12071047723293305,"w":-0.6903060674667358},"size":0.050000011920928958,"orthographic":false}