{"cameraMode":{"drawMode":0,"name":"Shaded","section":"Shading Mode"},"sceneLighting":false,"audioPlay":false,"sceneViewState":{"m_AlwaysRefresh":false,"showFog":true,"showSkybox":false,"showFlares":true,"showImageEffects":true,"showParticleSystems":true,"showVisualEffectGraphs":true,"m_FxEnabled":true},"in2DMode":false,"pivot":{"x":11.01555061340332,"y":1.2203246355056763,"z":-0.18454158306121827},"rotation":{"x":-0.06976078450679779,"y":0.4148479700088501,"z":-0.03199070319533348,"w":-0.9068408608436585},"size":0.8283758759498596,"orthographic":false}