{"cameraMode":{"drawMode":0,"name":"Shaded","section":"Shading Mode"},"sceneLighting":false,"audioPlay":false,"sceneViewState":{"m_AlwaysRefresh":false,"showFog":true,"showSkybox":false,"showFlares":true,"showImageEffects":true,"showParticleSystems":true,"showVisualEffectGraphs":true,"m_FxEnabled":true},"in2DMode":false,"pivot":{"x":-5.3029069900512699,"y":3.9284472465515138,"z":-0.20842695236206056},"rotation":{"x":-0.4853493571281433,"y":0.09928533434867859,"z":-0.055671174079179767,"w":-0.8670808672904968},"size":9.713957786560059,"orthographic":false}